{
  "testConfig": {
    "pdfFileHash": "6dd90ddbce3b60ae9c6d2f74c87d01afb2b95871a18bb12378f2e61404831790"
  },
  "pdfCropperData": {
    "Physics": {
      "Physics Section 1": {
        "1": {
          "que": 1,
          "type": "mcq",
          "marks": {
            "cm": 4,
            "im": -1
          },
          "pdfData": [
            {
              "x1": 58.234375,
              "x2": 550.234375,
              "y1": 171,
              "y2": 370,
              "page": 2
            }
          ],
          "answerOptions": "4"
        },
        "2": {
          "que": 2,
          "type": "mcq",
          "marks": {
            "cm": 4,
            "im": -1
          },
          "pdfData": [
            {
              "x1": 58.234375,
              "x2": 550.234375,
              "y1": 370,
              "y2": 462,
              "page": 2
            }
          ],
          "answerOptions": "4"
        },
        "3": {
          "que": 3,
          "type": "mcq",
          "marks": {
            "cm": 4,
            "im": -1
          },
          "pdfData": [
            {
              "x1": 58.234375,
              "x2": 550.234375,
              "y1": 462,
              "y2": 562,
              "page": 2
            }
          ],
          "answerOptions": "4"
        },
        "4": {
          "que": 4,
          "type": "mcq",
          "marks": {
            "cm": 4,
            "im": -1
          },
          "pdfData": [
            {
              "x1": 58.234375,
              "x2": 550.234375,
              "y1": 562,
              "y2": 708,
              "page": 2
            }
          ],
          "answerOptions": "4"
        },
        "5": {
          "que": 5,
          "type": "mcq",
          "marks": {
            "cm": 4,
            "im": -1
          },
          "pdfData": [
            {
              "x1": 58.234375,
              "x2": 550.234375,
              "y1": 64,
              "y2": 199,
              "page": 3
            }
          ],
          "answerOptions": "4"
        },
        "6": {
          "que": 6,
          "type": "mcq",
          "marks": {
            "cm": 4,
            "im": -1
          },
          "pdfData": [
            {
              "x1": 58.234375,
              "x2": 550.234375,
              "y1": 199,
              "y2": 410,
              "page": 3
            }
          ],
          "answerOptions": "4"
        },
        "7": {
          "que": 7,
          "type": "mcq",
          "marks": {
            "cm": 4,
            "im": -1
          },
          "pdfData": [
            {
              "x1": 58.234375,
              "x2": 550.234375,
              "y1": 410,
              "y2": 549,
              "page": 3
            }
          ],
          "answerOptions": "4"
        },
        "8": {
          "que": 8,
          "type": "mcq",
          "marks": {
            "cm": 4,
            "im": -1
          },
          "pdfData": [
            {
              "x1": 58.234375,
              "x2": 550.234375,
              "y1": 549,
              "y2": 726,
              "page": 3
            }
          ],
          "answerOptions": "4"
        },
        "9": {
          "que": 9,
          "type": "mcq",
          "marks": {
            "cm": 4,
            "im": -1
          },
          "pdfData": [
            {
              "x1": 58.234375,
              "x2": 550.234375,
              "y1": 61,
              "y2": 203,
              "page": 4
            }
          ],
          "answerOptions": "4"
        },
        "10": {
          "que": 10,
          "type": "mcq",
          "marks": {
            "cm": 4,
            "im": -1
          },
          "pdfData": [
            {
              "x1": 58.234375,
              "x2": 550.234375,
              "y1": 203,
              "y2": 677,
              "page": 4
            }
          ],
          "answerOptions": "4"
        },
        "11": {
          "que": 11,
          "type": "mcq",
          "marks": {
            "cm": 4,
            "im": -1
          },
          "pdfData": [
            {
              "x1": 58.234375,
              "x2": 550.234375,
              "y1": 63,
              "y2": 195,
              "page": 5
            }
          ],
          "answerOptions": "4"
        },
        "12": {
          "que": 12,
          "type": "mcq",
          "marks": {
            "cm": 4,
            "im": -1
          },
          "pdfData": [
            {
              "x1": 58.234375,
              "x2": 550.234375,
              "y1": 195,
              "y2": 273,
              "page": 5
            }
          ],
          "answerOptions": "4"
        },
        "13": {
          "que": 13,
          "type": "mcq",
          "marks": {
            "cm": 4,
            "im": -1
          },
          "pdfData": [
            {
              "x1": 58.234375,
              "x2": 550.234375,
              "y1": 273,
              "y2": 374,
              "page": 5
            }
          ],
          "answerOptions": "4"
        },
        "14": {
          "que": 14,
          "type": "mcq",
          "marks": {
            "cm": 4,
            "im": -1
          },
          "pdfData": [
            {
              "x1": 58.234375,
              "x2": 550.234375,
              "y1": 374,
              "y2": 502,
              "page": 5
            }
          ],
          "answerOptions": "4"
        },
        "15": {
          "que": 15,
          "type": "mcq",
          "marks": {
            "cm": 4,
            "im": -1
          },
          "pdfData": [
            {
              "x1": 58.234375,
              "x2": 550.234375,
              "y1": 502,
              "y2": 684,
              "page": 5
            }
          ],
          "answerOptions": "4"
        },
        "16": {
          "que": 16,
          "type": "mcq",
          "marks": {
            "cm": 4,
            "im": -1
          },
          "pdfData": [
            {
              "x1": 58.234375,
              "x2": 550.234375,
              "y1": 67,
              "y2": 244,
              "page": 6
            }
          ],
          "answerOptions": "4"
        },
        "17": {
          "que": 17,
          "type": "mcq",
          "marks": {
            "cm": 4,
            "im": -1
          },
          "pdfData": [
            {
              "x1": 58.234375,
              "x2": 550.234375,
              "y1": 244,
              "y2": 415,
              "page": 6
            }
          ],
          "answerOptions": "4"
        },
        "18": {
          "que": 18,
          "type": "mcq",
          "marks": {
            "cm": 4,
            "im": -1
          },
          "pdfData": [
            {
              "x1": 58.234375,
              "x2": 550.234375,
              "y1": 415,
              "y2": 604,
              "page": 6
            }
          ],
          "answerOptions": "4"
        },
        "19": {
          "que": 19,
          "type": "mcq",
          "marks": {
            "cm": 4,
            "im": -1
          },
          "pdfData": [
            {
              "x1": 58.234375,
              "x2": 550.234375,
              "y1": 604,
              "y2": 700,
              "page": 6
            }
          ],
          "answerOptions": "4"
        },
        "20": {
          "que": 20,
          "type": "mcq",
          "marks": {
            "cm": 4,
            "im": -1
          },
          "pdfData": [
            {
              "x1": 58.234375,
              "x2": 550.234375,
              "y1": 64,
              "y2": 217,
              "page": 7
            }
          ],
          "answerOptions": "4"
        }
      },
      "Physics Section 2": {
        "21": {
          "que": 21,
          "type": "nat",
          "marks": {
            "cm": 4,
            "im": -1
          },
          "pdfData": [
            {
              "x1": 58.234375,
              "x2": 550.234375,
              "y1": 273,
              "y2": 336,
              "page": 7
            }
          ]
        },
        "22": {
          "que": 22,
          "type": "nat",
          "marks": {
            "cm": 4,
            "im": -1
          },
          "pdfData": [
            {
              "x1": 58.234375,
              "x2": 550.234375,
              "y1": 337,
              "y2": 395,
              "page": 7
            }
          ]
        },
        "23": {
          "que": 23,
          "type": "nat",
          "marks": {
            "cm": 4,
            "im": -1
          },
          "pdfData": [
            {
              "x1": 58.234375,
              "x2": 550.234375,
              "y1": 395,
              "y2": 483,
              "page": 7
            }
          ]
        },
        "24": {
          "que": 24,
          "type": "nat",
          "marks": {
            "cm": 4,
            "im": -1
          },
          "pdfData": [
            {
              "x1": 58.234375,
              "x2": 550.234375,
              "y1": 483,
              "y2": 578,
              "page": 7
            }
          ]
        },
        "25": {
          "que": 25,
          "type": "nat",
          "marks": {
            "cm": 4,
            "im": -1
          },
          "pdfData": [
            {
              "x1": 58.234375,
              "x2": 550.234375,
              "y1": 578,
              "y2": 710,
              "page": 7
            }
          ]
        }
      }
    },
    "Chemistry": {
      "Chemistry Section 1": {
        "26": {
          "que": 26,
          "type": "mcq",
          "marks": {
            "cm": 4,
            "im": -1
          },
          "pdfData": [
            {
              "x1": 58.234375,
              "x2": 550.234375,
              "y1": 169,
              "y2": 534,
              "page": 8
            }
          ],
          "answerOptions": "4"
        },
        "27": {
          "que": 27,
          "type": "mcq",
          "marks": {
            "cm": 4,
            "im": -1
          },
          "pdfData": [
            {
              "x1": 58.234375,
              "x2": 550.234375,
              "y1": 534,
              "y2": 590,
              "page": 8
            }
          ],
          "answerOptions": "4"
        },
        "28": {
          "que": 28,
          "type": "mcq",
          "marks": {
            "cm": 4,
            "im": -1
          },
          "pdfData": [
            {
              "x1": 58.234375,
              "x2": 550.234375,
              "y1": 590,
              "y2": 715,
              "page": 8
            }
          ],
          "answerOptions": "4"
        },
        "29": {
          "que": 29,
          "type": "mcq",
          "marks": {
            "cm": 4,
            "im": -1
          },
          "pdfData": [
            {
              "x1": 58.234375,
              "x2": 550.234375,
              "y1": 65,
              "y2": 133,
              "page": 9
            }
          ],
          "answerOptions": "4"
        },
        "30": {
          "que": 30,
          "type": "mcq",
          "marks": {
            "cm": 4,
            "im": -1
          },
          "pdfData": [
            {
              "x1": 58.234375,
              "x2": 550.234375,
              "y1": 133,
              "y2": 219,
              "page": 9
            }
          ],
          "answerOptions": "4"
        },
        "31": {
          "que": 31,
          "type": "mcq",
          "marks": {
            "cm": 4,
            "im": -1
          },
          "pdfData": [
            {
              "x1": 58.234375,
              "x2": 550.234375,
              "y1": 219,
              "y2": 297,
              "page": 9
            }
          ],
          "answerOptions": "4"
        },
        "32": {
          "que": 32,
          "type": "mcq",
          "marks": {
            "cm": 4,
            "im": -1
          },
          "pdfData": [
            {
              "x1": 58.234375,
              "x2": 550.234375,
              "y1": 297,
              "y2": 403,
              "page": 9
            }
          ],
          "answerOptions": "4"
        },
        "33": {
          "que": 33,
          "type": "mcq",
          "marks": {
            "cm": 4,
            "im": -1
          },
          "pdfData": [
            {
              "x1": 58.234375,
              "x2": 550.234375,
              "y1": 403,
              "y2": 572,
              "page": 9
            }
          ],
          "answerOptions": "4"
        },
        "34": {
          "que": 34,
          "type": "mcq",
          "marks": {
            "cm": 4,
            "im": -1
          },
          "pdfData": [
            {
              "x1": 58.234375,
              "x2": 550.234375,
              "y1": 572,
              "y2": 696,
              "page": 9
            }
          ],
          "answerOptions": "4"
        },
        "35": {
          "que": 35,
          "type": "mcq",
          "marks": {
            "cm": 4,
            "im": -1
          },
          "pdfData": [
            {
              "x1": 58.234375,
              "x2": 550.234375,
              "y1": 63,
              "y2": 170,
              "page": 10
            }
          ],
          "answerOptions": "4"
        },
        "36": {
          "que": 36,
          "type": "mcq",
          "marks": {
            "cm": 4,
            "im": -1
          },
          "pdfData": [
            {
              "x1": 58.234375,
              "x2": 550.234375,
              "y1": 172,
              "y2": 237,
              "page": 10
            }
          ],
          "answerOptions": "4"
        },
        "37": {
          "que": 37,
          "type": "mcq",
          "marks": {
            "cm": 4,
            "im": -1
          },
          "pdfData": [
            {
              "x1": 58.234375,
              "x2": 550.234375,
              "y1": 237,
              "y2": 537,
              "page": 10
            }
          ],
          "answerOptions": "4"
        },
        "38": {
          "que": 38,
          "type": "mcq",
          "marks": {
            "cm": 4,
            "im": -1
          },
          "pdfData": [
            {
              "x1": 58.234375,
              "x2": 550.234375,
              "y1": 537,
              "y2": 716,
              "page": 10
            },
            {
              "x1": 58.234375,
              "x2": 550.234375,
              "y1": 61,
              "y2": 378,
              "page": 11
            }
          ],
          "answerOptions": "4"
        },
        "39": {
          "que": 39,
          "type": "mcq",
          "marks": {
            "cm": 4,
            "im": -1
          },
          "pdfData": [
            {
              "x1": 58.234375,
              "x2": 550.234375,
              "y1": 378,
              "y2": 437,
              "page": 11
            }
          ],
          "answerOptions": "4"
        },
        "40": {
          "que": 40,
          "type": "mcq",
          "marks": {
            "cm": 4,
            "im": -1
          },
          "pdfData": [
            {
              "x1": 58.234375,
              "x2": 550.234375,
              "y1": 437,
              "y2": 527,
              "page": 11
            }
          ],
          "answerOptions": "4"
        },
        "41": {
          "que": 41,
          "type": "mcq",
          "marks": {
            "cm": 4,
            "im": -1
          },
          "pdfData": [
            {
              "x1": 58.234375,
              "x2": 550.234375,
              "y1": 527,
              "y2": 659,
              "page": 11
            }
          ],
          "answerOptions": "4"
        },
        "42": {
          "que": 42,
          "type": "mcq",
          "marks": {
            "cm": 4,
            "im": -1
          },
          "pdfData": [
            {
              "x1": 58.234375,
              "x2": 550.234375,
              "y1": 659,
              "y2": 717,
              "page": 11
            }
          ],
          "answerOptions": "4"
        },
        "43": {
          "que": 43,
          "type": "mcq",
          "marks": {
            "cm": 4,
            "im": -1
          },
          "pdfData": [
            {
              "x1": 58.234375,
              "x2": 550.234375,
              "y1": 67,
              "y2": 210,
              "page": 12
            }
          ],
          "answerOptions": "4"
        },
        "44": {
          "que": 44,
          "type": "mcq",
          "marks": {
            "cm": 4,
            "im": -1
          },
          "pdfData": [
            {
              "x1": 58.234375,
              "x2": 550.234375,
              "y1": 210,
              "y2": 382,
              "page": 12
            }
          ],
          "answerOptions": "4"
        },
        "45": {
          "que": 45,
          "type": "mcq",
          "marks": {
            "cm": 4,
            "im": -1
          },
          "pdfData": [
            {
              "x1": 58.234375,
              "x2": 550.234375,
              "y1": 382,
              "y2": 455,
              "page": 12
            }
          ],
          "answerOptions": "4"
        }
      },
      "Chemistry Section 2": {
        "46": {
          "que": 46,
          "type": "nat",
          "marks": {
            "cm": 4,
            "im": -1
          },
          "pdfData": [
            {
              "x1": 58.234375,
              "x2": 550.234375,
              "y1": 512,
              "y2": 548,
              "page": 12
            }
          ]
        },
        "47": {
          "que": 47,
          "type": "nat",
          "marks": {
            "cm": 4,
            "im": -1
          },
          "pdfData": [
            {
              "x1": 58.234375,
              "x2": 550.234375,
              "y1": 551,
              "y2": 594,
              "page": 12
            }
          ]
        },
        "48": {
          "que": 48,
          "type": "nat",
          "marks": {
            "cm": 4,
            "im": -1
          },
          "pdfData": [
            {
              "x1": 58.234375,
              "x2": 550.234375,
              "y1": 594,
              "y2": 674,
              "page": 12
            }
          ]
        },
        "49": {
          "que": 49,
          "type": "nat",
          "marks": {
            "cm": 4,
            "im": -1
          },
          "pdfData": [
            {
              "x1": 58.234375,
              "x2": 550.234375,
              "y1": 674,
              "y2": 693,
              "page": 12
            }
          ]
        },
        "50": {
          "que": 50,
          "type": "nat",
          "marks": {
            "cm": 4,
            "im": -1
          },
          "pdfData": [
            {
              "x1": 58.234375,
              "x2": 550.234375,
              "y1": 693,
              "y2": 716,
              "page": 12
            }
          ]
        }
      }
    },
    "Mathematics": {
      "Mathematics Section 1": {
        "51": {
          "que": 51,
          "type": "mcq",
          "marks": {
            "cm": 4,
            "im": -1
          },
          "pdfData": [
            {
              "x1": 58.234375,
              "x2": 550.234375,
              "y1": 183,
              "y2": 266,
              "page": 13
            }
          ],
          "answerOptions": "4"
        },
        "52": {
          "que": 52,
          "type": "mcq",
          "marks": {
            "cm": 4,
            "im": -1
          },
          "pdfData": [
            {
              "x1": 58.234375,
              "x2": 550.234375,
              "y1": 266,
              "y2": 328,
              "page": 13
            }
          ],
          "answerOptions": "4"
        },
        "53": {
          "que": 53,
          "type": "mcq",
          "marks": {
            "cm": 4,
            "im": -1
          },
          "pdfData": [
            {
              "x1": 58.234375,
              "x2": 550.234375,
              "y1": 328,
              "y2": 420,
              "page": 13
            }
          ],
          "answerOptions": "4"
        },
        "54": {
          "que": 54,
          "type": "mcq",
          "marks": {
            "cm": 4,
            "im": -1
          },
          "pdfData": [
            {
              "x1": 58.234375,
              "x2": 550.234375,
              "y1": 420,
              "y2": 484,
              "page": 13
            }
          ],
          "answerOptions": "4"
        },
        "55": {
          "que": 55,
          "type": "mcq",
          "marks": {
            "cm": 4,
            "im": -1
          },
          "pdfData": [
            {
              "x1": 58.234375,
              "x2": 550.234375,
              "y1": 484,
              "y2": 637,
              "page": 13
            }
          ],
          "answerOptions": "4"
        },
        "56": {
          "que": 56,
          "type": "mcq",
          "marks": {
            "cm": 4,
            "im": -1
          },
          "pdfData": [
            {
              "x1": 58.234375,
              "x2": 550.234375,
              "y1": 637,
              "y2": 707,
              "page": 13
            }
          ],
          "answerOptions": "4"
        },
        "57": {
          "que": 57,
          "type": "mcq",
          "marks": {
            "cm": 4,
            "im": -1
          },
          "pdfData": [
            {
              "x1": 58.234375,
              "x2": 550.234375,
              "y1": 66,
              "y2": 132,
              "page": 14
            }
          ],
          "answerOptions": "4"
        },
        "58": {
          "que": 58,
          "type": "mcq",
          "marks": {
            "cm": 4,
            "im": -1
          },
          "pdfData": [
            {
              "x1": 58.234375,
              "x2": 550.234375,
              "y1": 132,
              "y2": 183,
              "page": 14
            }
          ],
          "answerOptions": "4"
        },
        "59": {
          "que": 59,
          "type": "mcq",
          "marks": {
            "cm": 4,
            "im": -1
          },
          "pdfData": [
            {
              "x1": 58.234375,
              "x2": 550.234375,
              "y1": 183,
              "y2": 294,
              "page": 14
            }
          ],
          "answerOptions": "4"
        },
        "60": {
          "que": 60,
          "type": "mcq",
          "marks": {
            "cm": 4,
            "im": -1
          },
          "pdfData": [
            {
              "x1": 58.234375,
              "x2": 550.234375,
              "y1": 294,
              "y2": 352,
              "page": 14
            }
          ],
          "answerOptions": "4"
        },
        "61": {
          "que": 61,
          "type": "mcq",
          "marks": {
            "cm": 4,
            "im": -1
          },
          "pdfData": [
            {
              "x1": 58.234375,
              "x2": 550.234375,
              "y1": 352,
              "y2": 404,
              "page": 14
            }
          ],
          "answerOptions": "4"
        },
        "62": {
          "que": 62,
          "type": "mcq",
          "marks": {
            "cm": 4,
            "im": -1
          },
          "pdfData": [
            {
              "x1": 58.234375,
              "x2": 550.234375,
              "y1": 404,
              "y2": 522,
              "page": 14
            }
          ],
          "answerOptions": "4"
        },
        "63": {
          "que": 63,
          "type": "mcq",
          "marks": {
            "cm": 4,
            "im": -1
          },
          "pdfData": [
            {
              "x1": 58.234375,
              "x2": 550.234375,
              "y1": 522,
              "y2": 618,
              "page": 14
            }
          ],
          "answerOptions": "4"
        },
        "64": {
          "que": 64,
          "type": "mcq",
          "marks": {
            "cm": 4,
            "im": -1
          },
          "pdfData": [
            {
              "x1": 58.234375,
              "x2": 550.234375,
              "y1": 618,
              "y2": 721,
              "page": 14
            }
          ],
          "answerOptions": "4"
        },
        "65": {
          "que": 65,
          "type": "mcq",
          "marks": {
            "cm": 4,
            "im": -1
          },
          "pdfData": [
            {
              "x1": 58.234375,
              "x2": 550.234375,
              "y1": 74,
              "y2": 143,
              "page": 15
            }
          ],
          "answerOptions": "4"
        },
        "66": {
          "que": 66,
          "type": "mcq",
          "marks": {
            "cm": 4,
            "im": -1
          },
          "pdfData": [
            {
              "x1": 58.234375,
              "x2": 550.234375,
              "y1": 143,
              "y2": 228,
              "page": 15
            }
          ],
          "answerOptions": "4"
        },
        "67": {
          "que": 67,
          "type": "mcq",
          "marks": {
            "cm": 4,
            "im": -1
          },
          "pdfData": [
            {
              "x1": 58.234375,
              "x2": 550.234375,
              "y1": 228,
              "y2": 297,
              "page": 15
            }
          ],
          "answerOptions": "4"
        },
        "68": {
          "que": 68,
          "type": "mcq",
          "marks": {
            "cm": 4,
            "im": -1
          },
          "pdfData": [
            {
              "x1": 58.234375,
              "x2": 550.234375,
              "y1": 297,
              "y2": 373,
              "page": 15
            }
          ],
          "answerOptions": "4"
        },
        "69": {
          "que": 69,
          "type": "mcq",
          "marks": {
            "cm": 4,
            "im": -1
          },
          "pdfData": [
            {
              "x1": 58.234375,
              "x2": 550.234375,
              "y1": 373,
              "y2": 479,
              "page": 15
            }
          ],
          "answerOptions": "4"
        },
        "70": {
          "que": 70,
          "type": "mcq",
          "marks": {
            "cm": 4,
            "im": -1
          },
          "pdfData": [
            {
              "x1": 58.234375,
              "x2": 550.234375,
              "y1": 479,
              "y2": 544,
              "page": 15
            }
          ],
          "answerOptions": "4"
        }
      },
      "Mathematics Section 2": {
        "71": {
          "que": 71,
          "type": "nat",
          "marks": {
            "cm": 4,
            "im": -1
          },
          "pdfData": [
            {
              "x1": 65.16015625,
              "x2": 551.078125,
              "y1": 605.24609375,
              "y2": 679.91015625,
              "page": 15
            }
          ]
        },
        "72": {
          "que": 72,
          "type": "nat",
          "marks": {
            "cm": 4,
            "im": -1
          },
          "pdfData": [
            {
              "x1": 62.73828125,
              "x2": 552.59375,
              "y1": 70.734375,
              "y2": 128.25390625,
              "page": 16
            }
          ]
        },
        "73": {
          "que": 73,
          "type": "nat",
          "marks": {
            "cm": 4,
            "im": -1
          },
          "pdfData": [
            {
              "x1": 64.203125,
              "x2": 553.2890625,
              "y1": 130.37109375,
              "y2": 176.953125,
              "page": 16
            }
          ]
        },
        "74": {
          "que": 74,
          "type": "nat",
          "marks": {
            "cm": 4,
            "im": -1
          },
          "pdfData": [
            {
              "x1": 64.4609375,
              "x2": 546.89453125,
              "y1": 178.1328125,
              "y2": 213.5859375,
              "page": 16
            }
          ]
        },
        "75": {
          "que": 75,
          "type": "nat",
          "marks": {
            "cm": 4,
            "im": -1
          },
          "pdfData": [
            {
              "x1": 63.5390625,
              "x2": 558.5390625,
              "y1": 216.80078125,
              "y2": 269.08984375,
              "page": 16
            }
          ]
        }
      }
    }
  },
  "appVersion": "1.30.0",
  "generatedBy": "pdfCropperPage"
}